{
  "weights": {
    "AAPL": 0.3333333333333333,
    "MSFT": 0.3333333333333333,
    "GOOGL": 0.3333333333333333
  },
  "expected_return": 0.24067502939528082,
  "volatility": 0.21516949676550629,
  "sharpe_ratio": 0.9312427291385609,
  "risk_free_rate": 0.0403,
  "esg_score": 49.99999999999999
}