{
  "portfolio_volatility": 0.2148159896648534,
  "marginal_risk": {
    "AAPL": 0.2250962593934357,
    "MSFT": 0.2399887315752049,
    "GOOGL": 0.1804057136623588
  },
  "risk_contribution": {
    "AAPL": 0.07428176559983378,
    "MSFT": 0.07919628141981762,
    "GOOGL": 0.061337942645201995
  },
  "risk_contribution_pct": {
    "AAPL": 0.34579253488404177,
    "MSFT": 0.36867032823476603,
    "GOOGL": 0.2855371368811921
  }
}