{
  "timestamp": 1772773404000.0,
  "market_price_usd": 70918.75,
  "hash_rate": 1196874135055.1748,
  "total_fees_btc": -51875000000,
  "n_btc_mined": 51875000000,
  "n_tx": 458575,
  "n_blocks_mined": 166,
  "minutes_between_blocks": 8.2,
  "totalbc": 1999853125000000,
  "n_blocks_total": 939530,
  "estimated_transaction_volume_usd": 7915794205.529222,
  "blocks_size": 268755433,
  "miners_revenue_usd": 0.0,
  "nextretarget": 941471,
  "difficulty": 145042165424853,
  "estimated_btc_sent": 11161779085967,
  "miners_revenue_btc": 0,
  "total_btc_sent": 86227126099298,
  "trade_volume_btc": 8274.04,
  "trade_volume_usd": 586784574.2500001,
  "fetch_time": "2026-03-06T05:10:32.611957"
}