{
  "timestamp": 1773827659000.0,
  "market_price_usd": 73959.58,
  "hash_rate": 1016622006281.8048,
  "total_fees_btc": -44062500000,
  "n_btc_mined": 44062500000,
  "n_tx": 421268,
  "n_blocks_mined": 141,
  "minutes_between_blocks": 9.5714,
  "totalbc": 2000355312500000,
  "n_blocks_total": 941137,
  "estimated_transaction_volume_usd": 7321491624.376636,
  "blocks_size": 227153374,
  "miners_revenue_usd": 0.0,
  "nextretarget": 941471,
  "difficulty": 145042165424853,
  "estimated_btc_sent": 9899314766764,
  "miners_revenue_btc": 0,
  "total_btc_sent": 78947549853525,
  "trade_volume_btc": 5475.66,
  "trade_volume_usd": 404977513.8228,
  "fetch_time": "2026-03-18T09:55:44.849827"
}