{
  "timestamp": 1773918379000.0,
  "market_price_usd": 70434.71,
  "hash_rate": 973361495376.1963,
  "total_fees_btc": -42187500000,
  "n_btc_mined": 42187500000,
  "n_tx": 432260,
  "n_blocks_mined": 135,
  "minutes_between_blocks": 9.9552,
  "totalbc": 2000400312500000,
  "n_blocks_total": 941281,
  "estimated_transaction_volume_usd": 6065016755.587839,
  "blocks_size": 205316461,
  "miners_revenue_usd": 0.0,
  "nextretarget": 941471,
  "difficulty": 145042165424853,
  "estimated_btc_sent": 8610835134535,
  "miners_revenue_btc": 0,
  "total_btc_sent": 68707901981887,
  "trade_volume_btc": 7267.18,
  "trade_volume_usd": 511861715.81780005,
  "fetch_time": "2026-03-19T11:12:09.303202"
}