{
  "timestamp": 1773968359000.0,
  "market_price_usd": 69862.08,
  "hash_rate": 1023832091432.7397,
  "total_fees_btc": -44375000000,
  "n_btc_mined": 44375000000,
  "n_tx": 460216,
  "n_blocks_mined": 142,
  "minutes_between_blocks": 9.5745,
  "totalbc": 2000425312500000,
  "n_blocks_total": 941361,
  "estimated_transaction_volume_usd": 5760944135.932106,
  "blocks_size": 219268655,
  "miners_revenue_usd": 0.0,
  "nextretarget": 941471,
  "difficulty": 145042165424853,
  "estimated_btc_sent": 8246167500212,
  "miners_revenue_btc": 0,
  "total_btc_sent": 66169240775579,
  "trade_volume_btc": 6442.28,
  "trade_volume_usd": 450071080.7424,
  "fetch_time": "2026-03-20T01:00:53.891269"
}