{"df_json": "{\"columns\":[\"date\",\"selic_pct\"],\"index\":[0,1,2,3,4,5,6,7,8,9,10,11,12,13,14,15,16,17,18,19,20,21,22,23,24,25,26,27,28,29,30,31,32,33,34,35,36,37,38,39,40,41,42,43,44,45,46,47,48,49,50,51,52,53,54,55,56,57,58,59,60,61,62,63,64,65,66,67,68,69,70,71,72,73,74,75,76,77,78,79,80,81,82,83,84,85,86,87,88,89,90,91,92,93,94,95,96,97,98,99,100,101,102,103,104,105,106,107,108,109,110,111,112,113,114,115,116,117,118,119,120,121,122,123,124,125,126,127,128,129,130,131,132,133,134,135,136,137,138,139,140,141,142,143,144,145,146,147,148,149,150,151,152,153,154,155,156,157,158,159,160,161,162,163,164,165,166,167,168,169,170,171,172,173,174,175,176,177,178,179,180,181,182,183,184,185,186,187,188,189,190,191,192,193,194,195,196,197,198,199,200,201,202,203,204,205,206,207,208,209,210,211,212,213,214,215,216,217,218,219,220,221,222,223,224,225,226,227,228,229,230,231,232,233,234,235,236,237,238,239,240,241,242,243,244,245,246,247,248,249,250,251,252,253,254,255,256,257,258,259,260,261,262,263,264,265,266,267,268,269,270,271,272,273,274,275,276,277,278,279,280,281,282,283,284,285,286,287,288,289,290,291,292,293,294,295,296,297,298,299,300,301,302,303,304,305,306,307,308,309,310,311,312,313,314,315,316,317,318,319,320,321,322,323,324,325,326,327,328,329,330,331,332,333,334,335,336,337,338,339,340,341,342,343,344,345,346,347,348,349,350,351,352,353,354,355,356,357,358,359,360,361,362,363,364,365,366,367,368,369,370,371,372,373,374,375,376,377,378,379,380,381,382,383,384,385,386,387,388,389,390,391,392,393,394,395,396,397,398,399,400,401,402,403,404,405,406,407,408,409,410,411,412,413,414,415,416,417,418,419,420,421,422,423,424,425,426,427,428,429,430,431,432,433,434,435,436,437,438,439,440,441,442,443,444,445,446,447,448,449,450,451,452,453,454,455,456,457,458,459,460,461,462,463,464,465,466,467,468,469,470,471,472,473,474,475,476,477,478,479,480,481,482,483,484,485,486,487,488,489,490,491,492,493,494,495,496,497,498,499],\"data\":[[1710115200000,0.041957],[1710201600000,0.041957],[1710288000000,0.041957],[1710374400000,0.041957],[1710460800000,0.041957],[1710720000000,0.041957],[1710806400000,0.041957],[1710892800000,0.041957],[1710979200000,0.040168],[1711065600000,0.040168],[1711324800000,0.040168],[1711411200000,0.040168],[1711497600000,0.040168],[1711584000000,0.040168],[1711929600000,0.040168],[1712016000000,0.040168],[1712102400000,0.040168],[1712188800000,0.040168],[1712275200000,0.040168],[1712534400000,0.040168],[1712620800000,0.040168],[1712707200000,0.040168],[1712793600000,0.040168],[1712880000000,0.040168],[1713139200000,0.040168],[1713225600000,0.040168],[1713312000000,0.040168],[1713398400000,0.040168],[1713484800000,0.040168],[1713744000000,0.040168],[1713830400000,0.040168],[1713916800000,0.040168],[1714003200000,0.040168],[1714089600000,0.040168],[1714348800000,0.040168],[1714435200000,0.040168],[1714608000000,0.040168],[1714694400000,0.040168],[1714953600000,0.040168],[1715040000000,0.040168],[1715126400000,0.040168],[1715212800000,0.03927],[1715299200000,0.03927],[1715558400000,0.03927],[1715644800000,0.03927],[1715731200000,0.03927],[1715817600000,0.03927],[1715904000000,0.03927],[1716163200000,0.03927],[1716249600000,0.03927],[1716336000000,0.03927],[1716422400000,0.03927],[1716508800000,0.03927],[1716768000000,0.03927],[1716854400000,0.03927],[1716940800000,0.03927],[1717113600000,0.03927],[1717372800000,0.03927],[1717459200000,0.03927],[1717545600000,0.03927],[1717632000000,0.03927],[1717718400000,0.03927],[1717977600000,0.03927],[1718064000000,0.03927],[1718150400000,0.03927],[1718236800000,0.03927],[1718323200000,0.03927],[1718582400000,0.03927],[1718668800000,0.03927],[1718755200000,0.03927],[1718841600000,0.03927],[1718928000000,0.03927],[1719187200000,0.03927],[1719273600000,0.03927],[1719360000000,0.03927],[1719446400000,0.03927],[1719532800000,0.03927],[1719792000000,0.03927],[1719878400000,0.03927],[1719964800000,0.03927],[1720051200000,0.03927],[1720137600000,0.03927],[1720396800000,0.03927],[1720483200000,0.03927],[1720569600000,0.03927],[1720656000000,0.03927],[1720742400000,0.03927],[1721001600000,0.03927],[1721088000000,0.03927],[1721174400000,0.03927],[1721260800000,0.03927],[1721347200000,0.03927],[1721606400000,0.03927],[1721692800000,0.03927],[1721779200000,0.03927],[1721865600000,0.03927],[1721952000000,0.03927],[1722211200000,0.03927],[1722297600000,0.03927],[1722384000000,0.03927],[1722470400000,0.03927],[1722556800000,0.03927],[1722816000000,0.03927],[1722902400000,0.03927],[1722988800000,0.03927],[1723075200000,0.03927],[1723161600000,0.03927],[1723420800000,0.03927],[1723507200000,0.03927],[1723593600000,0.03927],[1723680000000,0.03927],[1723766400000,0.03927],[1724025600000,0.03927],[1724112000000,0.03927],[1724198400000,0.03927],[1724284800000,0.03927],[1724371200000,0.03927],[1724630400000,0.03927],[1724716800000,0.03927],[1724803200000,0.03927],[1724889600000,0.03927],[1724976000000,0.03927],[1725235200000,0.03927],[1725321600000,0.03927],[1725408000000,0.03927],[1725494400000,0.03927],[1725580800000,0.03927],[1725840000000,0.03927],[1725926400000,0.03927],[1726012800000,0.03927],[1726099200000,0.03927],[1726185600000,0.03927],[1726444800000,0.03927],[1726531200000,0.03927],[1726617600000,0.03927],[1726704000000,0.040168],[1726790400000,0.040168],[1727049600000,0.040168],[1727136000000,0.040168],[1727222400000,0.040168],[1727308800000,0.040168],[1727395200000,0.040168],[1727654400000,0.040168],[1727740800000,0.040168],[1727827200000,0.040168],[1727913600000,0.040168],[1728000000000,0.040168],[1728259200000,0.040168],[1728345600000,0.040168],[1728432000000,0.040168],[1728518400000,0.040168],[1728604800000,0.040168],[1728864000000,0.040168],[1728950400000,0.040168],[1729036800000,0.040168],[1729123200000,0.040168],[1729209600000,0.040168],[1729468800000,0.040168],[1729555200000,0.040168],[1729641600000,0.040168],[1729728000000,0.040168],[1729814400000,0.040168],[1730073600000,0.040168],[1730160000000,0.040168],[1730246400000,0.040168],[1730332800000,0.040168],[1730419200000,0.040168],[1730678400000,0.040168],[1730764800000,0.040168],[1730851200000,0.040168],[1730937600000,0.041957],[1731024000000,0.041957],[1731283200000,0.041957],[1731369600000,0.041957],[1731456000000,0.041957],[1731542400000,0.041957],[1731888000000,0.041957],[1731974400000,0.041957],[1732147200000,0.041957],[1732233600000,0.041957],[1732492800000,0.041957],[1732579200000,0.041957],[1732665600000,0.041957],[1732752000000,0.041957],[1732838400000,0.041957],[1733097600000,0.041957],[1733184000000,0.041957],[1733270400000,0.041957],[1733356800000,0.041957],[1733443200000,0.041957],[1733702400000,0.041957],[1733788800000,0.041957],[1733875200000,0.041957],[1733961600000,0.045513],[1734048000000,0.045513],[1734307200000,0.045513],[1734393600000,0.045513],[1734480000000,0.045513],[1734566400000,0.045513],[1734652800000,0.045513],[1734912000000,0.045513],[1734998400000,0.045513],[1735171200000,0.045513],[1735257600000,0.045513],[1735516800000,0.045513],[1735603200000,0.045513],[1735776000000,0.045513],[1735862400000,0.045513],[1736121600000,0.045513],[1736208000000,0.045513],[1736294400000,0.045513],[1736380800000,0.045513],[1736467200000,0.045513],[1736726400000,0.045513],[1736812800000,0.045513],[1736899200000,0.045513],[1736985600000,0.045513],[1737072000000,0.045513],[1737331200000,0.045513],[1737417600000,0.045513],[1737504000000,0.045513],[1737590400000,0.045513],[1737676800000,0.045513],[1737936000000,0.045513],[1738022400000,0.045513],[1738108800000,0.045513],[1738195200000,0.049037],[1738281600000,0.049037],[1738540800000,0.049037],[1738627200000,0.049037],[1738713600000,0.049037],[1738800000000,0.049037],[1738886400000,0.049037],[1739145600000,0.049037],[1739232000000,0.049037],[1739318400000,0.049037],[1739404800000,0.049037],[1739491200000,0.049037],[1739750400000,0.049037],[1739836800000,0.049037],[1739923200000,0.049037],[1740009600000,0.049037],[1740096000000,0.049037],[1740355200000,0.049037],[1740441600000,0.049037],